<?xml version="1.0" encoding="UTF-8"?>
<project xmlns="http://maven.apache.org/POM/4.0.0" xmlns:xsi="http://www.w3.org/2001/XMLSchema-instance" xsi:schemaLocation="http://maven.apache.org/POM/4.0.0 http://maven.apache.org/maven-v4_0_0.xsd">
  <modelVersion>4.0.0</modelVersion>
  <groupId>org.noahspoling</groupId>
  <artifactId>MergeTemplate</artifactId>
  <version>1.0-SNAPSHOT</version>
  <build>
    <plugins>
      <plugin>
        <artifactId>maven-compiler-plugin</artifactId>
        <version>2.5.1</version>
        <configuration>
          <source>17</source>
          <target>17</target>
        </configuration>
      </plugin>
      <plugin>
        <artifactId>maven-jar-plugin</artifactId>
        <version>3.3.0</version>
        <configuration>
          <archive>
            <manifest>
              <addClasspath>true</addClasspath>
              <classpathPrefix>lib/</classpathPrefix>
              <mainClass>org.noahspoling.Main</mainClass>
            </manifest>
          </archive>
          <finalName>MergeTemplate</finalName>
        </configuration>
      </plugin>
      <plugin>
        <artifactId>maven-shade-plugin</artifactId>
        <version>3.2.4</version>
        <executions>
          <execution>
            <phase>package</phase>
            <goals>
              <goal>shade</goal>
            </goals>
            <configuration>
              <transformers>
                <transformer>
                  <mainClass>org.noahspoling.Main</mainClass>
                </transformer>
              </transformers>
              <shadedClassifierName>MergeTemplate</shadedClassifierName>
            </configuration>
          </execution>
        </executions>
      </plugin>
    </plugins>
  </build>
  <dependencies>
    <dependency>
      <groupId>org.junit.jupiter</groupId>
      <artifactId>junit-jupiter-api</artifactId>
      <version>5.10.0-M1</version>
      <scope>test</scope>
      <exclusions>
        <exclusion>
          <artifactId>opentest4j</artifactId>
          <groupId>org.opentest4j</groupId>
        </exclusion>
        <exclusion>
          <artifactId>junit-platform-commons</artifactId>
          <groupId>org.junit.platform</groupId>
        </exclusion>
        <exclusion>
          <artifactId>apiguardian-api</artifactId>
          <groupId>org.apiguardian</groupId>
        </exclusion>
      </exclusions>
    </dependency>
  </dependencies>
  <properties>
    <maven.compiler.target>17</maven.compiler.target>
    <maven.compiler.source>17</maven.compiler.source>
    <project.build.sourceEncoding>UTF-8</project.build.sourceEncoding>
  </properties>
</project>
